﻿<?xml version="1.0" encoding="utf-8"?><DEFECTS><DEFECT>
    <SFA>
      <FILEPATH>C:\Users\k64067997\Desktop\YoctoLib.cpp.41115\Sources\</FILEPATH>
      <FILENAME>yocto_api.h</FILENAME>
      <LINE>265</LINE>
      <COLUMN>4</COLUMN>
    </SFA>
    <DEFECTCODE>26812</DEFECTCODE>
    <DESCRIPTION>The enum type 'YRETCODE' is unscoped. Prefer 'enum class' over 'enum' (Enum.3).</DESCRIPTION>
    <FUNCTION>YAPI_Exception::{ctor}</FUNCTION>
    <DECORATED>??0YAPI_Exception@@QAE@W4YRETCODE@@V?$basic_string@DU?$char_traits@D@std@@V?$allocator@D@2@@std@@@Z</DECORATED>
    <FUNCLINE>265</FUNCLINE>
    <PATH></PATH>
  </DEFECT><DEFECT>
    <SFA>
      <FILEPATH>C:\Users\k64067997\Desktop\YoctoLib.cpp.41115\Sources\</FILEPATH>
      <FILENAME>yocto_api.h</FILENAME>
      <LINE>1574</LINE>
      <COLUMN>4</COLUMN>
    </SFA>
    <DEFECTCODE>26495</DEFECTCODE>
    <DESCRIPTION>Variable 'YDataSet::_progress' is uninitialized. Always initialize a member variable (type.6).</DESCRIPTION>
    <FUNCTION>YDataSet::{ctor}</FUNCTION>
    <DECORATED>??0YDataSet@@QAE@XZ</DECORATED>
    <FUNCLINE>1574</FUNCLINE>
    <ADDITIONALINFO>
      <targetSymbol>YDataSet::_progress</targetSymbol>
    </ADDITIONALINFO>
    <PATH></PATH>
  </DEFECT><DEFECT>
    <SFA>
      <FILEPATH>C:\Users\k64067997\Desktop\YoctoLib.cpp.41115\Sources\</FILEPATH>
      <FILENAME>yocto_api.h</FILENAME>
      <LINE>1793</LINE>
      <COLUMN>2</COLUMN>
    </SFA>
    <DEFECTCODE>26495</DEFECTCODE>
    <DESCRIPTION>Variable 'YConsolidatedDataSet::_end' is uninitialized. Always initialize a member variable (type.6).</DESCRIPTION>
    <FUNCTION>YConsolidatedDataSet::{ctor}</FUNCTION>
    <DECORATED>??0YConsolidatedDataSet@@QAE@XZ</DECORATED>
    <FUNCLINE>1793</FUNCLINE>
    <ADDITIONALINFO>
      <targetSymbol>YConsolidatedDataSet::_end</targetSymbol>
    </ADDITIONALINFO>
    <PATH></PATH>
  </DEFECT><DEFECT>
    <SFA>
      <FILEPATH>C:\Users\k64067997\Desktop\YoctoLib.cpp.41115\Sources\</FILEPATH>
      <FILENAME>yocto_api.h</FILENAME>
      <LINE>2509</LINE>
      <COLUMN>71</COLUMN>
    </SFA>
    <DEFECTCODE>26812</DEFECTCODE>
    <DESCRIPTION>The enum type 'Y_PERSISTENTSETTINGS_enum' is unscoped. Prefer 'enum class' over 'enum' (Enum.3).</DESCRIPTION>
    <FUNCTION></FUNCTION>
    <DECORATED></DECORATED>
    <FUNCLINE>0</FUNCLINE>
    <PATH></PATH>
  </DEFECT><DEFECT>
    <SFA>
      <FILEPATH>C:\Users\k64067997\Desktop\YoctoLib.cpp.41115\Sources\</FILEPATH>
      <FILENAME>yocto_api.h</FILENAME>
      <LINE>2514</LINE>
      <COLUMN>44</COLUMN>
    </SFA>
    <DEFECTCODE>26812</DEFECTCODE>
    <DESCRIPTION>The enum type 'Y_BEACON_enum' is unscoped. Prefer 'enum class' over 'enum' (Enum.3).</DESCRIPTION>
    <FUNCTION></FUNCTION>
    <DECORATED></DECORATED>
    <FUNCLINE>0</FUNCLINE>
    <PATH></PATH>
  </DEFECT><DEFECT>
    <SFA>
      <FILEPATH>C:\Users\k64067997\Desktop\YoctoLib.cpp.41115\Sources\</FILEPATH>
      <FILENAME>yocto_api.h</FILENAME>
      <LINE>3147</LINE>
      <COLUMN>52</COLUMN>
    </SFA>
    <DEFECTCODE>26812</DEFECTCODE>
    <DESCRIPTION>The enum type 'Y_ADVMODE_enum' is unscoped. Prefer 'enum class' over 'enum' (Enum.3).</DESCRIPTION>
    <FUNCTION></FUNCTION>
    <DECORATED></DECORATED>
    <FUNCLINE>0</FUNCLINE>
    <PATH></PATH>
  </DEFECT><DEFECT>
    <SFA>
      <FILEPATH>C:\Users\k64067997\Desktop\YoctoLib.cpp.41115\Sources\</FILEPATH>
      <FILENAME>yocto_api.h</FILENAME>
      <LINE>4085</LINE>
      <COLUMN>50</COLUMN>
    </SFA>
    <DEFECTCODE>26812</DEFECTCODE>
    <DESCRIPTION>The enum type 'Y_RECORDING_enum' is unscoped. Prefer 'enum class' over 'enum' (Enum.3).</DESCRIPTION>
    <FUNCTION></FUNCTION>
    <DECORATED></DECORATED>
    <FUNCLINE>0</FUNCLINE>
    <PATH></PATH>
  </DEFECT><DEFECT>
    <SFA>
      <FILEPATH>C:\Users\k64067997\Desktop\YoctoLib.cpp.41115\Sources\</FILEPATH>
      <FILENAME>yocto_api.h</FILENAME>
      <LINE>4089</LINE>
      <COLUMN>50</COLUMN>
    </SFA>
    <DEFECTCODE>26812</DEFECTCODE>
    <DESCRIPTION>The enum type 'Y_AUTOSTART_enum' is unscoped. Prefer 'enum class' over 'enum' (Enum.3).</DESCRIPTION>
    <FUNCTION></FUNCTION>
    <DECORATED></DECORATED>
    <FUNCLINE>0</FUNCLINE>
    <PATH></PATH>
  </DEFECT><DEFECT>
    <SFA>
      <FILEPATH>C:\Users\k64067997\Desktop\YoctoLib.cpp.41115\Sources\</FILEPATH>
      <FILENAME>yocto_api.h</FILENAME>
      <LINE>4092</LINE>
      <COLUMN>56</COLUMN>
    </SFA>
    <DEFECTCODE>26812</DEFECTCODE>
    <DESCRIPTION>The enum type 'Y_BEACONDRIVEN_enum' is unscoped. Prefer 'enum class' over 'enum' (Enum.3).</DESCRIPTION>
    <FUNCTION></FUNCTION>
    <DECORATED></DECORATED>
    <FUNCLINE>0</FUNCLINE>
    <PATH></PATH>
  </DEFECT><DEFECT>
    <SFA>
      <FILEPATH>C:\Users\k64067997\Desktop\YoctoLib.cpp.41115\Sources\</FILEPATH>
      <FILENAME>yocto_api.h</FILENAME>
      <LINE>4096</LINE>
      <COLUMN>58</COLUMN>
    </SFA>
    <DEFECTCODE>26812</DEFECTCODE>
    <DESCRIPTION>The enum type 'Y_CLEARHISTORY_enum' is unscoped. Prefer 'enum class' over 'enum' (Enum.3).</DESCRIPTION>
    <FUNCTION></FUNCTION>
    <DECORATED></DECORATED>
    <FUNCLINE>0</FUNCLINE>
    <PATH></PATH>
  </DEFECT><DEFECT>
    <SFA>
      <FILEPATH>C:\Users\k64067997\Desktop\YoctoLib.cpp.41115\Sources\</FILEPATH>
      <FILENAME>yocto_lightsensor.h</FILENAME>
      <LINE>116</LINE>
      <COLUMN>60</COLUMN>
    </SFA>
    <DEFECTCODE>26812</DEFECTCODE>
    <DESCRIPTION>The enum type 'Y_MEASURETYPE_enum' is unscoped. Prefer 'enum class' over 'enum' (Enum.3).</DESCRIPTION>
    <FUNCTION></FUNCTION>
    <DECORATED></DECORATED>
    <FUNCLINE>0</FUNCLINE>
    <PATH></PATH>
  </DEFECT></DEFECTS>